iteration;avg_executed;avg_worst;avg_average;avg_best
0;32.90786490521445;32.90786490521445;32.90786490521445;32.90786490521445
1;32.91695040104362;32.90786490521445;32.91240765312904;32.91695040104362
2;32.88486290178179;32.88486290178179;32.89939240210784;32.91695040104362
3;31.451759955564587;31.41804868497284;32.168311428673185;32.91857417237353
