ITERATION;avg. Average Leg distance;avg. Average Trip distance
0;148584.47759035442;148584.47759035442
1;147966.8082027647;147966.8082027647
2;148594.94192856137;148594.94192856137
3;143260.69093297012;148377.1441805762
