ITERATION;avg. Average Leg distance;avg. Average Trip distance
0;134795.90029808806;134795.90029808806
1;134770.9722739063;134770.9722739063
2;134807.40641542184;134807.40641542184
3;134846.8390922764;134846.8390922764
4;134894.0843837674;134894.0843837674
5;134934.7535938308;134934.7535938308
6;134930.09523993966;134930.09523993966
7;134876.25100061452;134876.25100061452
8;134932.4467536615;134932.4467536615
9;134839.49654167274;134839.49654167274
10;134947.01106085844;134947.01106085844
