iteration;avg_executed;avg_worst;avg_average;avg_best
0;90.31894260715887;90.31894260715887;90.31894260715887;90.31894260715887
1;90.2994653231988;90.2994653231988;90.30920396517884;90.31894260715887
2;90.31894260715887;90.2994653231988;90.31148302715255;90.31894260715887
3;90.31396678569556;90.29448950173548;90.3089951164209;90.31894260715887
4;90.30615464384105;90.28750445053541;90.30453543880124;90.31894260715887
5;90.31894260715887;90.28750445053541;90.30453543880124;90.31894260715887
