iteration;avg_executed;avg_worst;avg_average;avg_best
0;141.7484170924949;141.7484170924949;141.7484170924949;141.7484170924949
1;141.7487378477625;141.7484170924949;141.7485774701287;141.7487378477625
2;141.7490581707512;141.7484170924949;141.74879109083435;141.7490581707512
3;141.7482548204901;141.74713256538885;141.7483894157038;141.74953934759617
4;141.74937908266784;141.74713256538885;141.74855005990423;141.74953934759617
5;141.7493789506211;141.74713256538885;141.7485499781871;141.7493789506211
