ITERATION;avg. Average Leg distance;avg. Average Trip distance
0;11367.396274465005;11367.396274465005
1;11367.202619818758;11367.202619818758
2;11367.008965172512;11367.008965172512
3;11374.151519445328;11374.151519445328
4;11366.815310526265;11366.815310526265
5;11366.815310526265;11366.815310526265
