ITERATION;avg. Average Leg distance;avg. Average Trip distance
0;11170.436862508726;11170.436862508726
1;11307.498317571171;11307.498317571171
2;11170.436862508726;11170.436862508726
3;11168.331020988646;11168.331020988646
4;11170.389758476042;11170.389758476042
5;11170.436862508726;11170.436862508726
