ITERATION;avg. Average Leg distance;avg. Average Trip distance
0;83809.76501585044;83809.76501585044
1;83808.26502172204;83808.26502172204
2;83820.06893106304;83820.06893106304
3;83822.16202314536;83822.16202314536
4;83835.81682053083;83835.81682053083
5;83829.31384399565;83829.31384399565
6;83828.48712435557;83828.48712435557
7;83842.66972164728;83842.66972164728
8;83841.1690860845;83841.1690860845
9;83841.31680622298;83841.31680622298
10;83837.55987921137;83837.55987921137
